0,salt
1,white sugar
2,butter
3,all-purpose flour
4,flour
5,ground black pepper
6,water
7,egg
8,onion
9,olive oil
10,milk
11,vanilla extract
12,garlic
13,vegetable oil
14,brown sugar
15,pepper
16,ground cinnamon
17,parmesan cheese
18,garlic powder
19,lemon juice
20,baking soda
21,cheddar cheese
22,tomato
23,sour cream
24,mayonnaise
25,confectioners sugar
26,soy sauce
27,fresh parsley
28,green bell pepper
29,cream cheese
30,worcestershire sauce
31,honey
32,carrot
33,ground cumin
34,green onion
35,margarine
36,heavy cream
37,cayenne pepper
38,cornstarch
39,walnut
40,potato
41,pecan
42,celery
43,basil
44,chili powder
45,ground beef
46,red pepper flake
47,paprika
48,white vinegar
49,black pepper
50,skinless boneless breast
51,parsley
52,ground ginger
53,semisweet chocolate chip
54,red bell pepper
55,mozzarella cheese
56,fresh cilantro
57,thyme
58,red onion
59,cheese
60,bacon
61,lean ground beef
62,bean
63,small onion
64,fresh mushroom
65,raisin
66,onion powder
67,large onion
68,shortening
69,ground clove
70,unsalted butter
71,ketchup
72,unsweetened cocoa powder
73,balsamic vinegar
74,fresh lemon juice
75,fresh basil
76,extra virgin olive oil
77,garlic salt
78,egg white
79,coconut
80,red wine vinegar
81,lemon zest
82,buttermilk
83,hot pepper sauce
84,lemon
85,bay leaf
86,condensed milk
87,fresh ginger root
88,oat
89,active dry yeast
90,egg yolk
91,zucchini
92,curry powder
93,dijon mustard
94,canola oil
95,sesame oil
96,mushroom
97,cold water
98,sugar
99,white wine
100,cream mushroom soup
101,chicken broth
102,peanut butter
103,almond
104,lime juice
105,kosher salt
106,dry bread crumb
107,italian seasoning
108,chicken stock
109,black olive
110,pineapple
111,heavy whipping cream
112,bread crumb
113,fresh lime juice
114,whole wheat flour
115,apple
116,ground allspice
117,feta cheese
118,ground turmeric
119,corn
120,sea salt
121,almond extract
122,sharp cheddar cheese
123,black bean
124,light brown sugar
125,dry white wine
126,fresh strawberry
127,tomato paste
128,monterey jack cheese
129,jalapeno pepper
130,hot water
131,molass
132,lime
133,dill weed
134,cider vinegar
135,red wine
136,cranberry
137,ground coriander
138,apple cider vinegar
139,container sour cream
140,stalk celery
141,sesame seed
142,fresh thyme
143,ground white pepper
144,cream chicken soup
145,white wine vinegar
146,tortilla
147,fresh ginger
148,light corn syrup
149,uncooked white rice
150,bread flour
151,sage
152,swiss cheese
153,oregano
154,rice vinegar
155,rosemary
156,cucumber
157,green chile pepper
158,cornmeal
159,yellow mustard
160,quick cooking oat
161,beef broth
162,vegetable broth
163,maple syrup
164,ice cube
165,half-and-half cream
166,fresh rosemary
167,large potato
168,ice
169,ham
170,half-and-half
171,pie shell
172,boiling water
173,fresh blueberry
174,cream tartar
175,graham cracker crumb
176,plain yogurt
177,warm water
178,banana
179,spaghetti
180,ground cayenne pepper
181,fresh dill
182,prepared mustard
183,vinegar
184,strawberry
185,salsa
186,cream
187,large egg
188,fresh chive
189,elbow macaroni
190,celery salt
191,pumpkin puree
192,cilantro
193,cocoa powder
194,whole milk
195,fresh spinach
196,sweet potato
197,tomato sauce
198,ground turkey
199,graham cracker crust
200,single crust pie
201,whole clove
202,celery seed
203,fresh green bean
204,yellow cake mix
205,shallot
206,pork chop
207,fish sauce
208,dry mustard
209,yellow onion
210,penne pasta
211,beer
212,sweet onion
213,cherry tomato
214,orange juice
215,ground nutmeg
216,caper
217,instant vanilla mix
218,peanut
219,ground pork
220,self-rising flour
221,butter room temperature
222,pie crust
223,roma plum tomato
224,bouillon
225,frozen green pea
226,skim milk
227,applesauce
228,dry onion soup mix
229,cottage cheese
230,romano cheese
231,fresh peach
232,cold milk
233,prepared horseradish
234,poultry seasoning
235,barbeque sauce
236,blue cheese
237,dark brown sugar
238,frozen mixed vegetable
239,white rice
240,creamy peanut butter
241,cajun seasoning
242,peanut oil
243,poppy seed
244,minced onion
245,marjoram
246,ground cardamom
247,ripe banana
248,pineapple juice
249,coconut milk
250,mustard powder
251,pine nut
252,lemon pepper
253,large carrot
254,semi-sweet chocolate chip
255,hot sauce
256,fresh basil leaf
257,apple juice
258,red pepper
259,whole chicken
260,dry mustard powder
261,rhubarb
262,egg noodle
263,vegetable shortening
264,large tomato
265,broccoli floret
266,water chestnut
267,thyme leaf
268,chicken
269,hard-cooked egg
270,frozen spinach
271,fresh mint leaf
272,red potato
273,spinach
274,dry sherry
275,hamburger bun
276,white pepper
277,beef stock
278,shrimp
279,yellow bell pepper
280,baby carrot
281,small red onion
282,green chile
283,pumpkin pie spice
284,fresh mint
285,garam masala
286,frozen pea
287,unbaked pie crust
288,lasagna noodle
289,cream celery soup
290,brandy
291,white onion
292,skinless boneless chicken breast
293,crabmeat
294,teriyaki sauce
295,saltine cracker
296,tarragon
297,large shrimp
298,vanilla ice cream
299,ricotta cheese
300,bread
301,ranch mix
302,seasoning salt
303,unsweetened chocolate
304,lime zest
305,sun-dried tomato
306,tomato soup
307,quinoa
308,brown rice
309,oil
310,italian bread crumb
311,date
312,ground thyme
313,slivered almond
314,fresh asparagu
315,golden raisin
316,nutmeg
317,buttery round cracker
318,liquid smoke flavoring
319,cooked chicken
320,chocolate chip
321,frozen corn kernel
322,avocado
323,corn tortilla
324,cooked ham
325,rum
326,butterscotch chip
327,macaroni
328,corn syrup
329,cornflakes cereal
330,cumin seed
331,cinnamon
332,linguine pasta
333,frozen strawberry
334,whole black peppercorn
335,dijon-style mustard
336,maraschino cherry
337,milk chocolate chip
338,peeled tomato
339,lemon extract
340,cabbage
341,eggs room temperature
342,vodka
343,wheat germ
344,blueberry
345,head cabbage
346,dry fettuccine pasta
347,white cake mix
348,tomato juice
349,butternut squash
350,sweet pickle relish
351,rotini pasta
352,pork tenderloin
353,lettuce
354,orange
355,instant coffee granule
356,flaked coconut
357,jell-o® mix
358,philadelphia cream cheese
359,fresh raspberry
360,frozen broccoli
361,tortilla chip
362,low-sodium chicken broth
363,soy milk
364,ground mustard
365,firm tofu
366,white chocolate chip
367,ground pepper
368,italian-style salad dressing
369,wide egg noodle
370,crunchy peanut butter
371,dijon-style prepared mustard
372,fresh blackberry
373,ice water
374,broccoli
375,frozen blueberry
376,ginger
377,bulk pork sausage
378,american cheese
379,fresh sage
380,cold butter
381,chicken bouillon
382,diced onion
383,warm milk
384,dry red wine
385,light soy sauce
386,basil leaf
387,pumpkin
388,grape tomato
389,dry lentil
390,cranberry sauce
391,instant chocolate pudding mix
392,cumin
393,yellow squash
394,beef brisket
395,bacon dripping
396,white bread
397,gorgonzola cheese
398,cinnamon stick
399,beef bouillon
400,goat cheese
401,vegetable stock
402,shredded cabbage
403,tahini
404,pea
405,fresh pineapple
406,tequila
407,container ricotta cheese
408,red food coloring
409,mango
410,hoisin sauce
411,onion salt
412,chipotle peppers adobo sauce
413,cashew
414,granny smith
415,marsala wine
416,baby spinach
417,arborio rice
418,leek
419,marshmallow creme
420,chive
421,sunflower seed
422,beef stew meat
423,fresh corn kernel
424,green olive
425,fresh cranberry
426,chocolate
427,graham cracker
428,pork sausage
429,angel hair pasta
430,baking powder
431,green pea
432,dry milk powder
433,clam
434,kalamata olive
435,marshmallow
436,real maple syrup
437,cooked turkey
438,barbecue sauce
439,quick-cooking oat
440,chocolate syrup
441,peach
442,kernel corn
443,light mayonnaise
444,cayenne
445,panko bread crumb
446,parmigiano-reggiano cheese
447,button mushroom
448,sherry
449,garlic clove
450,sauerkraut
451,pie spice
452,broth
453,small zucchini
454,corn oil
455,boneless pork loin roast
456,french-fried onion
457,confectioners sugar decoration
458,white chocolate
459,old bay seasoning tm
460,fresh flat-leaf parsley
461,salmon fillet
462,bone-in chicken breast
463,bouillon granule
464,pepperoni sausage
465,black peppercorn
466,barley
467,large marshmallow
468,light cream
469,cubes ice
470,large zucchini
471,granny smith apple
472,beet
473,fresh broccoli
474,crescent roll
475,fresh cilantro leaf
476,leaves fresh basil
477,rice
478,frozen corn
479,fresh tarragon
480,couscous
481,bean sprout
482,ground lamb
483,unsweetened applesauce
484,imitation crabmeat
485,chicken bouillon granule
486,cream cheese room temperature
487,red lentil
488,pimento-stuffed green olive
489,rice wine vinegar
490,frozen hash brown potato
491,butter shortening
492,linguini pasta
493,apple cider
494,whole wheat bread
495,long-grain white rice
496,pearl barley
497,large red onion
498,chinese five-spice powder
499,yogurt
500,fresh bread crumb
501,pizza sauce
502,pasta
503,apricot preserve
504,nonfat milk
505,low-fat milk
506,pepperoni
507,brussels sprout
508,chili sauce
509,part-skim ricotta cheese
510,bacon bit
511,shiitake mushroom
512,currant
513,ground mace
514,sausage
515,eggplant
516,small shrimp
517,yukon gold potato
518,gruyere cheese
519,cod fillet
520,giblet
521,seedless grape
522,nut
523,yellow cornmeal
524,mixed salad green
525,biscuit mix
526,lentil
527,dark corn syrup
528,chicken wing
529,boneless pork chop
530,ripe tomato
531,dry italian-style salad mix
532,oyster sauce
533,beef bouillon granule
534,tomato puree
535,turnip
536,seashell pasta
537,italian-style seasoning
538,deep dish pie crust
539,asiago cheese
540,unflavored gelatin
541,small yellow onion
542,neufchatel cheese
543,unbleached all-purpose flour
544,vanilla yogurt
545,hair pasta
546,dark rum
547,ground sage
548,bulk italian sausage
549,pepperjack cheese
550,crisp rice cereal
551,crispy rice cereal
552,dill
553,colby-monterey jack cheese
554,wine vinegar
555,crimini mushroom
556,pesto
557,parsley flake
558,large sweet onion
559,green bean
560,unsalted butter room temperature
561,vanilla pudding mix
562,portobello mushroom
563,vanilla wafer
564,dried cranberry
565,semisweet chocolate
566,large apple
567,thick pork chop
568,dill pickle
569,large cucumber
570,fresh ground black pepper
571,cranberry juice
572,plum tomato
573,small tomato
574,chipotle chile powder
575,diced tomato
576,tilapia fillet
577,food coloring
578,coconut oil
579,wild rice
580,chicken thigh
581,ground chicken
582,ground dry mustard
583,small red potato
584,habanero pepper
585,snow pea
586,boneless beef chuck roast
587,pinto bean
588,cheese food eg velveeta
589,colby cheese
590,fennel seed
591,reduced-sodium soy sauce
592,crouton
593,kale
594,mustard seed
595,green food coloring
596,iceberg
597,peppermint extract
598,fresh shrimp
599,caramel
600,strawberry jell-o®
601,fresh tomato
602,artichoke heart
603,fresh-ground black pepper
604,bow tie pasta
605,matzo meal
606,chicken drumstick
607,chile-garlic sauce
608,saffron
609,large sweet potato
610,ground coriander seed
611,ranch dressing
612,fresh jalapeno pepper
613,whole turkey neck
614,cubed beef stew meat
615,split pea
616,skinless boneless breast cubed
617,creamy salad
618,lard
619,jumbo pasta shell
620,hazelnut
621,parsnip
622,old-fashioned oat
623,small potato
624,bourbon whiskey
625,toasted pecan
626,popcorn
627,steak sauce
628,caramel ice cream topping
629,biscuit dough
630,whole kernel corn
631,mustard
632,flax seed
633,boneless skinless breast
634,pistachio nut
635,frozen raspberry
636,chicken meat
637,instant rice
638,wonton wrapper
639,beef
640,large baking potato
641,thick slices bacon
642,small sweet onion
643,ground pork sausage
644,mexican cheese blend
645,onion flake
646,cola-flavored carbonated beverage
647,grape
648,russet potato
649,frozen puff pastry
650,whole almond
651,corn kernel
652,large red bell pepper
653,uncooked egg noodle
654,coarse sea salt
655,lemon-lime carbonated beverage
656,boneless skinless chicken breast
657,raspberry
658,kielbasa sausage
659,tomato-vegetable juice cocktail
660,chocolate sandwich cookies
661,pork
662,italian herb seasoning
663,asian sesame oil
664,rosemary crushed
665,farfalle pasta
666,dried rosemary
667,seedless green grape
668,coarse salt
669,red cabbage
670,white cheddar cheese
671,flank steak
672,cherry
673,white balsamic vinegar
674,caraway seed
675,triple sec
676,instant potato flake
677,enchilada sauce
678,lemon cake mix
679,ground walnut
680,lemonade concentrate
681,lemon grass
682,long-grain rice
683,turkey
684,pear
685,ramen noodle
686,envelope dry onion soup mix
687,sugar decoration
688,farfalle bow tie pasta
689,taco seasoning
690,italian-style tomato
691,dark chocolate
692,boneless breast
693,instant lemon mix
694,bittersweet chocolate
695,pretzel
696,oat bran
697,uncooked long-grain white rice
698,acorn squash
699,key lime juice
700,italian sausage
701,hot dog
702,sea scallop
703,dry bread mix
704,boneless pork loin chop
705,greek yogurt
706,fresh garlic
707,fresh bean sprout
708,uncooked quinoa
709,bourbon
710,honey mustard
711,hot milk
712,ground venison
713,celery rib
714,cauliflower
715,nonfat dry milk powder
716,dry potato flake
717,provolone cheese
718,creole seasoning
719,container plain yogurt
720,cooked chicken meat
721,small red bell pepper
722,oyster
723,swanson® chicken stock
724,red chile pepper
725,lemon cut wedge
726,herbes provence
727,potato chip
728,sugar snap pea
729,extra firm tofu
730,serrano chile pepper
731,soup base
732,beef chuck roast
733,prune
734,egg white beaten
735,ground red pepper
736,instant coffee powder
737,saffron thread
738,hard-boiled egg
739,rye flour
740,kidney bean
741,extra lean ground beef
742,square unsweetened chocolate
743,french bread
744,roma tomato
745,chicken breast
746,heinz tomato ketchup
747,reduced-fat mayonnaise
748,italian cheese blend
749,irish stout beer
750,cheese cubed
751,chicken breast meat
752,strong coffee
753,grain rice
754,brown mustard
755,carbonated beverage
756,monosodium glutamate msg
757,garbanzo bean
758,lemon peel
759,uncooked wild rice
760,pork sparerib
761,fresh thyme leaf
762,pimento
763,horseradish
764,green pepper
765,ground seed
766,green tomato
767,portobello mushroom cap
768,reduced-fat cheddar cheese
769,savory
770,mint
771,rigatoni pasta
772,seedless red grape
773,dark soy sauce
774,crescent roll dough
775,wheat bran
776,salmon
777,superfine sugar
778,alfredo sauce
779,chicken leg quarter
780,baking potato
781,cheese tortellini
782,cremini mushroom
783,vegetable bouillon
784,mussel
785,natural peanut butter
786,bok choy
787,whiskey
788,scallop
789,tart apple
790,lemon jell-o® mix
791,fat free sour cream
792,flour tortilla
793,gouda cheese
794,loaf french bread
795,apricot
796,ginger ale
797,ears corn
798,prosciutto
799,jumbo shrimp
800,large yellow onion
801,mushroom soup
802,cheese food
803,herb-seasoned dry bread mix
804,great northern bean
805,chocolate cake mix
806,kiwi
807,creamy salad dressing
808,meat tenderizer
809,amaretto liqueur
810,cotija cheese
811,large eggplant
812,kraft grated parmesan cheese
813,skinless boneless chicken thigh
814,dried apricot
815,browning sauce
816,minced garlic
817,radish
818,brownie mix
819,orange juice concentrate
820,cooking oil
821,spaghetti sauce
822,rice noodle
823,macadamia nut
824,small curd cottage cheese
825,bouillon powder
826,quick-cooking tapioca
827,english cucumber
828,burgundy wine
829,basmati rice
830,unbaked deep dish pie crust
831,fusilli pasta
832,bread machine yeast
833,chuck roast
834,tarragon vinegar
835,white whole wheat flour
836,plain bread crumb
837,syrup
838,corn bread mix
839,ears fresh corn
840,beaten egg
841,prepared chocolate cookie crumb crust
842,mixed fruit
843,lukewarm water
844,hamburger buns split
845,bay scallop
846,onion ring
847,port wine
848,peanut butter chip
849,cool whip
850,cheese room temperature
851,cheese food cubed
852,container feta cheese
853,italian-style salad
854,ripe avocado
855,mascarpone cheese
856,cilantro leaf
857,fresh mozzarella cheese
858,serrano pepper
859,small carrot
860,cooking spray
861,red curry paste
862,iceberg lettuce
863,chile powder
864,frozen cranberry
865,cantaloupe
866,uncooked medium shrimp
867,chili oil
868,file powder
869,zucchini lengthwise
870,navy bean
871,nonfat plain yogurt
872,whole wheat pastry flour
873,regular oat
874,grenadine syrup
875,romaine lettuce
876,coffee liqueur
877,seeded watermelon
878,ground almond
879,devil food cake mix
880,corn tortilla chip
881,fresh fig
882,white hominy
883,spicy brown mustard
884,egg substitute
885,new potato
886,yellow food coloring
887,beef bouillon cube
888,butter chip
889,condensed cream mushroom soup regular
890,hungarian sweet paprika
891,louisiana-style hot sauce
892,salad shrimp
893,vital wheat gluten
894,arugula
895,small white onion
896,fresh red chile pepper
897,pineapple chunk
898,egg yolk beaten
899,pickle relish
900,zo pasta
901,steak seasoning
902,asparagu
903,wheat
904,strips bacon
905,frozen green bean
906,chunky salsa
907,instant yeast
908,bone-in chicken thigh
909,pomegranate juice
910,seedless raspberry jam
911,swanson® chicken broth
912,sour mix
913,whole turkey
914,fresh ground pork sausage
915,red grape
916,part-skim mozzarella cheese
917,maple extract
918,boneless skinless chicken thigh
919,mixed nut
920,ditalini pasta
921,cooking sherry
922,envelopes unflavored gelatin
923,cinnamon sugar
924,beef short rib
925,light sour cream
926,uncooked spaghetti
927,dry vermouth
928,salmon steak
929,fresh tomatillos husk
930,cracker
931,cocktail
932,large banana
933,tamari
934,red kidney bean
935,chocolate pudding mix
936,french baguette
937,light olive oil
938,xanthan gum
939,flax seed meal
940,large russet potato
941,s beer
942,whole tomato
943,adobo sauce chipotle pepper
944,chicken wings joints tip
945,fresh italian parsley
946,turbinado sugar
947,garlic paste
948,pumpkin seed
949,squid
950,brussel
951,boneless pork loin
952,bulgur
953,mild cheddar cheese
954,light rum
955,anise seed
956,large red potato
957,beans chickpea
958,sweet chili sauce
959,skinless chicken thigh
960,frozen edamame green soybean
961,small banana
962,unsweetened pineapple juice
963,pure vanilla extract
964,large stalks celery
965,dry ziti pasta
966,italian flat leaf parsley
967,golden mushroom soup
968,low-sodium soy sauce
969,lettuce leaf
970,extra-lean ground beef
971,instant pistachio mix
972,coleslaw mix
973,apple filling
974,tofu
975,flavored ramen noodle
976,watermelon
977,jigger
978,ground rosemary
979,fresh coconut
980,orange liqueur
981,strawberry jam
982,hot pepper sauce eg tabasco™
983,coarse ground black pepper
984,okra
985,silken tofu
986,fresh marjoram
987,uncooked lasagna noodle
988,cubed chicken breast meat
989,apricot jam
990,ziti pasta
991,milk chocolate candy kiss
992,clam juice
993,low sodium soy sauce
994,coconut extract
995,jigger vodka
996,orange-flavored liqueur
997,corn chip
998,reduced-fat cream cheese
999,uncooked jasmine rice
1000,fresh crabmeat
1001,round steak
1002,phyllo dough
1003,whole corn kernel
1004,small yellow squash
1005,chile paste
1006,cheddar-monterey jack cheese blend
1007,cooked bacon
1008,swordfish steak
1009,uncooked regular long-grain white rice
1010,cherry jell-o®
1011,fresh curry
1012,red seedless grape
1013,uncooked brown rice
1014,coffee
1015,swiss chard
1016,all-purpose flour coating
1017,raw whole pumpkin seed
1018,bacon grease
1019,candy-coated chocolate
1020,catfish
1021,golden syrup
1022,eggplant round
1023,hard egg
1024,envelope active dry yeast
1025,butternut
1026,dry peanut
1027,spicy italian sausage
1028,vegetable
1029,corn undrained
1030,large portobello mushroom
1031,creme fraiche
1032,potato starch
1033,miso paste
1034,ribs celery
1035,hot dog bun
1036,large skinless boneless breast
1037,rosemary leaf
1038,butter extract
1039,low-fat sour cream
1040,fresh shiitake mushroom
1041,irish cream liqueur
1042,grapeseed oil
1043,sun-dried tomatoes oil
1044,stone-ground mustard
1045,soft bread crumb
1046,white sugar decoration
1047,fruit pectin
1048,skinless boneless breast meat cubed
1049,sherry vinegar
1050,jam
1051,blackberry
1052,whole wheat tortilla
1053,anise extract
1054,dry brown gravy mix
1055,sweet italian sausage casing
1056,malt vinegar
1057,bulk hot italian sausage
1058,dried thyme
1059,spaghetti squash
1060,mahi mahi fillet
1061,dry taco mix
1062,lemon wedge
1063,toffee bit
1064,low-fat cottage cheese
1065,low-fat yogurt
1066,lemon pepper seasoning
1067,black walnut
1068,anchovy fillet
1069,chicken leg
1070,green onions white
1071,sweet italian sausage
1072,pasta sauce
1073,bow tie farfalle pasta
1074,container cheese
1075,tapioca
1076,strawberry jell-o® mix
1077,carrots chunk
1078,soft bread cube
1079,chickpea
1080,large fresh strawberry
1081,porcini mushroom
1082,tomatillo
1083,salami
1084,milk chocolate
1085,cold coffee
1086,fresh mango
1087,olive oil cooking spray
1088,spears fresh asparagu
1089,double crust ready-to-use pie crust
1090,agave nectar
1091,sourdough bread
1092,rump roast
1093,g philadelphia brick cream cheese
1094,bone-in pork chop
1095,knudsen sour cream
1096,fresh pumpkin
1097,ground chipotle pepper
1098,dark red kidney bean
1099,non-instant vanilla mix
1100,rutabaga
1101,uncooked penne pasta
1102,candy sprinkle
1103,large fresh mushroom
1104,asparagus spear
1105,cream potato soup
1106,mixed vegetable
1107,fat-free reduced-sodium chicken broth
1108,low-fat mayonnaise
1109,crawfish tail
1110,chicken soup
1111,haddock fillet
1112,quick-cooking grit
1113,dry garbanzo bean
1114,unpeeled zucchini
1115,white rice flour
1116,canning
1117,broccoli coleslaw mix
1118,skinless boneless breast meat
1119,marinara sauce
1120,pork shoulder roast
1121,tapioca flour
1122,flat iron steak
1123,white corn syrup
1124,dark molass
1125,original bisquick® mix
1126,whole-wheat flour
1127,cauliflower cut floret
1128,brown lentil
1129,broccoli cut floret
1130,italian bread
1131,eggnog
1132,green lentil
1133,cracker crumb
1134,low sodium chicken broth
1135,oil-packed sun-dried tomato
1136,japanese sweet wine
1137,chunky peanut butter
1138,carton sour cream
1139,liquid smoke
1140,rubbed sage
1141,black-eyed pea
1142,venison steak
1143,vegetarian worcestershire sauce
1144,poblano pepper
1145,curry paste
1146,chipotle pepper adobo sauce
1147,large lemon
1148,simple syrup
1149,pork shoulder
1150,italian dry bread crumb
1151,ground beef chuck
1152,goya minced garlic
1153,beans undrained
1154,picante sauce
1155,instant brown rice
1156,mushroom soup mix
1157,unsalted peanut
1158,sweet pickle
1159,apricot brandy
1160,stuffed green olive
1161,frozen okra
1162,dry black-eyed pea
1163,italian-style bread crumb
1164,cheddar cheese soup
1165,fresh ground pepper
1166,pure maple syrup
1167,round brie cheese
1168,tidbit
1169,nutritional yeast
1170,pita bread round
1171,self-rising cornmeal
1172,pimento pepper
1173,ground cayenne
1174,chili garlic sauce
1175,zesty italian dressing
1176,turkey stock
1177,shredded coconut
1178,ghee butter
1179,dinner roll
1180,pizza crust
1181,corn muffin mix
1182,envelope taco mix
1183,bone-in chicken
1184,masa harina
1185,large white onion
1186,dry ranch-style mix
1187,hot chile sauce
1188,orange bell pepper
1189,creole
1190,halibut fillet
1191,orange marmalade
1192,condensed cream chicken soup regular
1193,white corn
1194,italian-style dry bread crumb
1195,italian parsley
1196,sour milk
1197,blanched almond
1198,kraft shredded mozzarella cheese
1199,nectar
1200,lamb shank
1201,adobo seasoning
1202,asafoetida powder
1203,prepared salsa
1204,fresh ground spicy pork sausage
1205,mexican-style cheese blend
1206,pancetta bacon
1207,romaine
1208,container cottage cheese
1209,peach schnapp
1210,edamame green soybean
1211,champagne vinegar
1212,romaine lettuce bite-size
1213,cocktail sauce
1214,melt® organic buttery spread
1215,milk room temperature
1216,pork butt roast
1217,frozen broccoli floret
1218,rice flour
1219,creamy salad eg miracle whip ™
1220,ground chile pepper
1221,montreal steak seasoning
1222,ancho chile powder
1223,food cake
1224,kikkoman panko bread crumb
1225,ladyfinger
1226,large fresh peach
1227,low-fat buttermilk
1228,balsamic vinaigrette
1229,square wonton wrapper
1230,graham cracker pie crust
1231,spanish onion
1232,raspberry preserve
1233,tapioca starch
1234,small apple
1235,extra sharp cheddar cheese
1236,uncooked arborio rice
1237,mini marshmallow
1238,long grain white rice
1239,minute® white rice
1240,hash brown potato
1241,butter or margarine
1242,pecorino romano cheese
1243,catfish fillet
1244,raspberry jell-o® mix
1245,pearl onion
1246,fish stock
1247,egg room temperature
1248,lime cut wedge
1249,chicken liver
1250,oreo cookies
1251,frozen petite pea
1252,cake flour
1253,peppers adobo sauce
1254,stick butter
1255,instant espresso powder
1256,rye bread
1257,cold white rice
1258,balsamic vinaigrette salad dressing
1259,raspberry jam
1260,walnut oil
1261,noodle
1262,ground sirloin
1263,mint leaf
1264,chopped pecan
1265,bulk chorizo sausage
1266,brown rice flour
1267,ham hock
1268,luncheon meat
1269,fresh tortellini pasta
1270,reduced-fat sour cream
1271,small eggplant
1272,large mushroom
1273,gingersnap cookies
1274,chicken tender
1275,lemon jell-o®
1276,dry penne pasta
1277,frozen bread dough
1278,pre-baked pizza crust
1279,german chocolate cake mix
1280,instant butterscotch mix
1281,fat-free mayonnaise
1282,carton chicken broth
1283,celery stalk
1284,vermicelli pasta
1285,buttermilk mix
1286,light beer
1287,italian salad dressing
1288,rum extract
1289,pistachio pudding mix
1290,crisco® original no-stick cooking spray
1291,cauliflower floret
1292,pepperoncini
1293,honey maid graham pie crust
1294,container beef broth
1295,red snapper
1296,ground veal
1297,jalapeno chile pepper
1298,yellow split pea
1299,baby food
1300,turkey carcas
1301,ground savory
1302,nectarine
1303,sweet vermouth
1304,lemon round
1305,white rum
1306,thick slices italian bread
1307,cooked butternut squash
1308,pineapple ring
1309,fines herb
1310,liqueur
1311,heinz worcestershire sauce
1312,large vidalia
1313,agave syrup
1314,real bacon bit
1315,irish whiskey
1316,cubed stew meat
1317,pudding
1318,zucchini cubed
1319,fresh poblano chile pepper
1320,sour sauce
1321,diced ham
1322,wild rice mix
1323,italian-seasoned bread crumb
1324,cocoa
1325,large egg white
1326,egg roll wrapper
1327,fig
1328,lean beef chuck
1329,pork neck bone
1330,crispy rice cereal square
1331,cornbread
1332,allspice
1333,onion thin ring
1334,panko japanese bread crumb
1335,chile sauce
1336,herb
1337,cod
1338,tamari sauce
1339,beef tenderloin
1340,skinless boneless chicken cube
1341,fenugreek seed
1342,fresh cherry
1343,gelatin
1344,granular no-calorie sucralose sweetener
1345,raw sugar
1346,cardamom pod
1347,dry marsala wine
1348,grain white rice
1349,chopped onion
1350,rice milk
1351,muenster cheese
1352,ground ham
1353,oyster cracker
1354,tuna
1355,unbaked tart shell
1356,green cabbage
1357,white bread crust
1358,white mushroom
1359,sweet paprika
1360,sugar-based mixture
1361,whole peppercorn
1362,margarita mix
1363,dry corn bread mix
1364,chipotle chile adobo sauce
1365,white bean
1366,chicken bouillon powder
1367,sharp white cheddar cheese
1368,grapefruit juice
1369,beef chopped
1370,buttermilk room temperature
1371,pitted date
1372,pistachio
1373,uncooked instant rice
1374,non-dairy creamer
1375,envelope onion soup mix
1376,red bean
1377,taco sauce
1378,mostaccioli pasta
1379,lamb chop
1380,rotelle pasta
1381,dark sesame oil
1382,creamy salad eg miracle whip
1383,chicken gizzard
1384,hickory-flavored liquid smoke
1385,container vanilla yogurt
1386,torn romaine lettuce
1387,potatoes chunk
1388,greek seasoning
1389,deli ham
1390,uncooked elbow macaroni
1391,fat-free sour cream
1392,skinless boneless salmon fillet
1393,cream-style corn
1394,large black olive
1395,large ripe tomato
1396,spice cake mix
1397,german sweet chocolate
1398,crab meat
1399,yellow summer squash
1400,fresh lump crabmeat
1401,large white mushroom
1402,boneless chuck roast
1403,instant banana mix
1404,cartons broth
1405,dry italian salad mix
1406,beef flank steak
1407,large onion ring
1408,club soda
1409,brie cheese
1410,low-fat plain yogurt
1411,zucchini end
1412,country style pork rib
1413,white potato
1414,bell pepper
1415,prepared pesto
1416,green salsa
1417,pineapple preserve
1418,herb blend
1419,fully-cooked bone-in ham
1420,lime sherbet
1421,fruit jell-o® mix
1422,cool whip topping
1423,flavor fruit jam
1424,green bell pepper ring
1425,bulk mild italian sausage
1426,harissa
1427,mexican vanilla extract
1428,banana pepper
1429,large portobello mushroom cap
1430,cajun
1431,vanilla sugar
1432,coriander seed
1433,reduced-sodium beef broth
1434,fine bulgur
1435,clams shell scrubbed
1436,jalapeno
1437,breakstone
1438,biscuit
1439,limeade concentrate
1440,whipping cream
1441,spanish paprika
1442,dill relish
1443,apricot nectar
1444,lowfat cream cheese
1445,uncooked short-grain white rice
1446,cubed chicken meat
1447,cognac
1448,refried bean
1449,turmeric
1450,lean ground lamb
1451,root beer
1452,potatoes wedge
1453,mild curry powder
1454,nacho-flavor tortilla chip
1455,fine bread crumb
1456,freshly ground pepper
1457,chow mein noodle
1458,acini di pepe pasta
1459,venison stew meat
1460,dry corn muffin mix
1461,cinnamon hot candy
1462,apple pie spice
1463,raw peanuts shell
1464,napa cabbage
1465,caramel sauce
1466,corn flake
1467,fat free italian-style dressing
1468,cherry juice
1469,small shallot
1470,extra large egg
1471,large granny smith apple
1472,goya extra virgin olive oil
1473,hot chili oil
1474,pickling spice
1475,dry ranch salad mix
1476,sour cream room temperature
1477,extra-sharp cheddar cheese
1478,instant tapioca
1479,baby arugula
1480,crisp bacon
1481,bread cube
1482,cookie crumb
1483,cookie dough
1484,consomme
1485,fresh asparagus spear
1486,italian sausage link
1487,splash grenadine syrup
1488,instant hot chocolate mix
1489,chicken wings tip
1490,containers yogurt
1491,crystallized ginger
1492,summer squash
1493,frozen mixed berry
1494,rice wine
1495,chardonnay wine
1496,fresh dill weed
1497,gin
1498,beef top sirloin
1499,small seashell pasta
1500,fresh button mushroom
1501,unsweetened coconut
1502,chia seed
1503,dark beer
1504,salad mix
1505,cheddar
1506,bulb fennel
1507,apple pie filling
1508,english toffee
1509,deli roast beef
1510,cubed potato
1511,halibut steak
1512,coffee-flavored liqueur
1513,loaf round bread
1514,containers sour cream
1515,whole trout
1516,triple sec liqueur
1517,dry fettuccini pasta
1518,fresh yeast
1519,no-boil lasagna noodle
1520,frozen whole kernel corn
1521,plum
1522,jigger irish cream liqueur
1523,cheese-filled tortellini
1524,strawberry preserve
1525,fresh green chile pepper
1526,almond paste
1527,envelopes active dry yeast
1528,shell pasta
1529,jigger vanilla vodka
1530,vinegar-based hot pepper sauce
1531,planters pecan
1532,onion juice
1533,dill pickle juice
1534,instant milk
1535,whole artichoke
1536,lump crabmeat
1537,reduced-sodium chicken broth
1538,lima bean
1539,soft goat cheese
1540,sweet corn
1541,tuna steak
1542,pastry crust pie
1543,mashed sweet potato
1544,swanson® natural goodness® chicken broth
1545,strong coffee room temperature
1546,coriander
1547,clam juice cocktail
1548,whole head garlic
1549,dry kidney bean
1550,dark sweet cherry
1551,cream cheddar cheese soup
1552,dry black bean
1553,whole wheat penne pasta
1554,yellow food
1555,small ton wrapper
1556,crushed tomato
1557,fresh baby spinach
1558,imitation crab meat
1559,honeydew melon
1560,red apple
1561,white flour
1562,all-purpose biscuit mix
1563,cake
1564,chicken breast tenderloin
1565,pork rib
1566,mexican-style corn
1567,lemon-pepper seasoning
1568,dry-roasted peanut
1569,instant sugar-free vanilla mix
1570,scoops vanilla ice cream
1571,thick slices white bread
1572,hot coffee
1573,links sweet italian sausage
1574,ground chuck
1575,japanese rice wine
1576,jimmy dean® original hearty pork sausage crumble
1577,olive oil brushing
1578,roast beef
1579,ale
1580,mango chutney
1581,frozen pierogy
1582,pesto sauce
1583,candy corn
1584,peppermint candy
1585,cheese cut cube
1586,loaf italian bread
1587,square egg roll wrapper
1588,whole fresh mushroom
1589,boneless skinless chicken meat
1590,crushed pineapple
1591,prepared basil pesto
1592,pearl israeli couscous
1593,mexican blend cheese
1594,proof rum
1595,almond milk
1596,ham cut
1597,panko crumb
1598,small cucumber
1599,ground peanut
1600,ginger-garlic paste
1601,fine salt
1602,navel
1603,fresh pasta sheet
1604,lean ground pork
1605,guacamole
1606,goya® adobo all-purpose seasoning
1607,cooked shrimp
1608,french onion soup
1609,kaiser roll
1610,ciabatta sandwich roll
1611,rice soup
1612,maraschino cherry juice
1613,cajun blend
1614,pork loin
1615,pareve margarine
1616,corn breadmuffin mix
1617,seedless watermelon
1618,large beet
1619,soda
1620,vanilla vodka
1621,oxtail cut
1622,black sesame seed
1623,loaf cocktail rye bread
1624,white bread cubed
1625,frozen cauliflower
1626,blue cheese salad dressing
1627,dry onion
1628,macintosh apple
1629,raw horseradish
1630,linguine
1631,salt-free blend
1632,mango nectar
1633,taco mix
1634,fresh rosemary leaf
1635,beef tenderloin filet
1636,chile pepper
1637,instant oatmeal
1638,almond flour
1639,goya adobo
1640,grape juice
1641,thick-cut bacon
1642,french-style green bean
1643,sazon goya
1644,hillshire farm® smoked sausage
1645,large garlic clove
1646,small jalapeno pepper
1647,whole mustard seed
1648,berry cranberry sauce
1649,creme liqueur
1650,green tea
1651,large jalapeno pepper
1652,sweet corn kernel
1653,ground sausage
1654,fresh jalapeno peppers lengthwise
1655,small new potato
1656,sorghum flour
1657,rotisserie chicken
1658,cream coconut
1659,ground italian sausage
1660,cool whip whipped topping
1661,tomato-based chili sauce
1662,plum jam
1663,pickle juice
1664,yam
1665,paper towel
1666,boneless pork shoulder
1667,hot chicken broth
1668,oreo chocolate sandwich cookies
1669,ears corn cob husk
1670,smooth natural peanut butter
1671,candy-coated milk chocolate
1672,olive
1673,dry pectin
1674,ground beef sirloin
1675,turkey leg
1676,cold potato
1677,soda cracker
1678,prime rib roast
1679,wasabi paste
1680,ranch-style salad dressing
1681,process cheese sauce
1682,apple butter
1683,mini chocolate chip
1684,fine sea salt
1685,bulb garlic
1686,hot paprika
1687,onion cream cheese
1688,steel cut oat
1689,karo® light corn syrup
1690,whole wheat rotini pasta
1691,oatmeal
1692,whole kalamata olive
1693,juniper berry
1694,sugar substitute
1695,garlic scape
1696,whole garlic clove
1697,brandy-based
1698,cinnamon red hot candy
1699,head bok choy
1700,french green lentil
1701,manicotti pasta
1702,cream-style horseradish sauce
1703,jigger coffee liqueur
1704,stuffing
1705,whole cardamom pod
1706,cheese sauce
1707,thick slices french bread
1708,salt pork
1709,millet
1710,plain nonfat yogurt
1711,asian fish sauce
1712,coconut flake
1713,turkey bacon
1714,frozen bite-size potato nugget
1715,sugar pumpkin
1716,lemonade
1717,round sourdough bread
1718,lean ground turkey
1719,large eggs room temperature
1720,swanson® certified organic chicken broth
1721,evaporated milk
1722,dry great northern bean
1723,persimmon pulp
1724,colby-jack cheese
1725,unbaked pie shell
1726,starch
1727,demerara sugar
1728,large avocado
1729,container chicken stock
1730,cooked potato
1731,candied cherry
1732,vanilla bean split
1733,fresh salsa
1734,chocolate cookie crumb
1735,lemon-lime soda
1736,dry jasmine rice
1737,pastry flour
1738,granular sucrolose sweetener
1739,loaf white bread
1740,boneless lamb shoulder cut
1741,rapid rise yeast
1742,english muffins split
1743,milk chocolate candy bar
1744,anchovy filet
1745,merlot wine
1746,boneless skinless chicken
1747,seed oil
1748,dry lasagna noodle
1749,low-fat vanilla yogurt
1750,bulk pork breakfast sausage
1751,frankfurter
1752,chicken bouillon cube
1753,coconut-flavored rum
1754,non-instant chocolate pudding mix
1755,sour cherry
1756,container greek yogurt
1757,white confectioners coating
1758,large shallot
1759,bow-tie pasta farfalle
1760,stalk lemon grass
1761,large sea scallop
1762,large curd cottage cheese
1763,dry bread cube
1764,pork loin roast
1765,chorizo sausage
1766,herb feta cheese
1767,jamaican jerk seasoning
1768,almond butter
1769,sauce chipotle pepper
1770,fat-free milk
1771,garbanzo beans chickpea
1772,grouper fillet
1773,french dressing
1774,italian blend
1775,orange peel
1776,fully-cooked spiral cut ham
1777,high protein crisp rice
1778,beef cube steak
1779,garlic pepper seasoning
1780,beef tenderloin roast
1781,kielbasa
1782,thai chili sauce
1783,anchovy paste
1784,chocolate sprinkle
1785,beaten egg yolk
1786,creme cacao
1787,ripe strawberry
1788,orange segment
1789,kale bite-sized
1790,kohlrabi bulb
1791,cooked beef
1792,cool water
1793,barley nugget cereal eg grape-nuts™
1794,red potatoes bite-size
1795,korean-style short rib
1796,trout
1797,fat free miracle whip
1798,carton low-sodium chicken broth
1799,zucchini dry
1800,sake
1801,meaty ham bone
1802,sweet pickle juice
1803,strawberry ice cream
1804,whole red snapper
1805,tomatoes juice
1806,peaches heavy syrup
1807,liquid shrimp
1808,fresh crab meat
1809,mandarin
1810,onion soup mix
1811,dry vegetable soup mix
1812,cherry jell-o® mix
1813,chocolate wafer
1814,thick boneless pork chop
1815,ranch-style salad
1816,s wine
1817,cardamom seed
1818,monterey cheese blend
1819,worcestershire
1820,beef round steak
1821,fontina cheese
1822,fine sugar
1823,sauza® gold tequila
1824,avocado oil
1825,arugula stem
1826,sausage dripping
1827,mini phyllo tart shell
1828,chayote squash
1829,catalina salad dressing
1830,graham cracker crust chocolate
1831,chipotle salsa
1832,tart green apple
1833,hot salsa
1834,boneless pork shoulder roast
1835,boneless chicken thigh
1836,potato flake
1837,tentacle
1838,dried coconut
1839,meatless spaghetti
1840,artificial sweetener
1841,poultry
1842,semolina flour
1843,vidalia onion
1844,red grapefruit
1845,italian-style peeled tomato
1846,fried onion
1847,apples cored
1848,pizza dough
1849,vanilla fat-free yogurt
1850,monosodium glutamate
1851,fresh pepper
1852,fat sour cream
1853,ginger ale soda
1854,frozen banana
1855,cedar plank
1856,red cherry
1857,asian chile pepper sauce
1858,frozen brussels sprout
1859,celery soup
1860,thai chile pepper
1861,corn flour
1862,daikon radish
1863,instant white chocolate pudding mix
1864,lamb
1865,jigger triple sec
1866,unsalted dry-roasted peanut
1867,dry ground mustard
1868,cream garnish
1869,instant french vanilla mix
1870,thai chile sauce
1871,new red potato
1872,light coconut milk
1873,frozen burger-style crumble
1874,center-cut salmon fillet
1875,vanilla wafer crust
1876,shredded chicken breast
1877,boneless chicken breast
1878,tater tot
1879,ranch-style bean
1880,progresso® italian style panko crispy bread crumb
1881,vanilla frozen yogurt
1882,vegan margarine
1883,bran cereal
1884,holland house® sherry cooking wine
1885,ripe plantain
1886,fresh tilapia fillet
1887,golden deliciou
1888,onion roll
1889,raw sunflower seed
1890,large green onion
1891,rice wrappers diameter
1892,potato cubed
1893,beef frankfurter
1894,green apple
1895,boneless skinless chicken chunk
1896,ripe mango
1897,pods cardamom
1898,fat free ranch dressing
1899,frozen pie crust
1900,pickling lime calcium hydroxide
1901,beef tongue
1902,double-crust pie
1903,large yukon gold potato
1904,plantain
1905,poblano chile
1906,cubed lamb stew meat
1907,large english cucumber
1908,beef meat
1909,quick-cooking barley
1910,masala
1911,day old french bread
1912,soy
1913,frozen dinner roll
1914,ripe olive
1915,oat flour
1916,italian-seasoned dry bread crumb
1917,green tea powder
1918,hot pepper
1919,cornflakes crumb
1920,hot chili powder
1921,fresh snow pea
1922,lime wedge
1923,heinz® apple cider vinegar
1924,chicken bone
1925,korean chile powder
1926,small pearl tapioca
1927,bulk sausage
1928,beef tenderloin steak
1929,basil pesto
1930,butter cooking spray
1931,white frosting
1932,gluten-free purpose flour
1933,french vanilla mix
1934,american cheese cubed
1935,smoked gouda cheese
1936,boneless pork thick
1937,scoop vanilla ice cream
1938,pineapple juice concentrate
1939,black cherry jell-o® mix
1940,seedless cucumber
1941,instant white rice
1942,uncooked linguine pasta
1943,fresh asparagus tip
1944,raspberry lemonade concentrate
1945,honey maid graham cracker crumb
1946,maple-cured bacon
1947,breadcrumb
1948,frozen french-style green bean
1949,custard powder
1950,vegetable cooking spray
1951,jarlsberg cheese
1952,ramen noodle pasta
1953,superfine castor sugar
1954,mixed frozen berry
1955,vegetable protein
1956,flat-leaf parsley
1957,ground black
1958,large meaty ham bone
1959,beef soup bone
1960,unsweetened cocoa
1961,onions chunk
1962,lemon yogurt
1963,loaf round crusty italian bread
1964,almond meal
1965,vanilla bean
1966,ginger paste
1967,whole wheat elbow macaroni
1968,day-old bread
1969,rib roast
1970,matzo farfel
1971,boneless beef roast
1972,uncooked pasta shell
1973,english muffin
1974,whole chicken giblet
1975,prepared pastry shell
1976,fresh lemon peel
1977,bamboo shoot
1978,whole grain dijon mustard
1979,turmeric powder
1980,cole slaw dressing
1981,fettuccini pasta
1982,container low-fat yogurt
1983,frozen limeade concentrate
1984,kernel
1985,lavender flower
1986,wheel brie cheese
1987,vanilla frosting
1988,paneer
1989,cream shrimp soup
1990,pork tenderloin cube
1991,barley nugget cereal grape-nuts™
1992,dry brown lentil
1993,skinless boneless chicken
1994,rye whiskey
1995,spanish peanut
1996,lemonade mix
1997,genoa salami
1998,seafood seasoning
1999,prawn
2000,italian-style seasoned bread crumb
2001,large ripe banana
2002,soft tofu
2003,horseradish mustard
2004,skinless boneless thigh
2005,frozen lima bean
2006,italian-style bread
2007,drumstick
2008,bone-in pork roast
2009,grand marnier
2010,chocolate drink mix
2011,fresh morel mushroom
2012,uncooked rotini pasta
2013,vanilla chip
2014,spice islands® pure vanilla extract
2015,gochujang korean hot pepper paste
2016,container strawberry yogurt
2017,dark raisin
2018,dannon oikos plain greek nonfat yogurt
2019,cream sherry
2020,cooked medium shrimp
2021,baker semi-sweet baking chocolate
2022,thick bacon
2023,no-calorie sucralose sweetener
2024,uncooked alphabet pasta
2025,container fat-free sour cream
2026,creme cassis liqueur
2027,celery flake
2028,yellow corn
2029,hoagie roll
2030,smooth peanut butter
2031,container reduced-fat sour cream
2032,heavy cream room temperature
2033,whole wheat bread crumb
2034,tangerine juice
2035,green onion top
2036,rice cereal
2037,extra-firm tofu
2038,chestnut
2039,fresh parsley leaf
2040,chicken part
2041,baby potatoes half
2042,beef rump roast
2043,ice cream sandwich
2044,hot italian sausage link
2045,stone ground cornmeal
2046,chocolate-hazelnut spread
2047,gravy
2048,polenta
2049,ice cold water
2050,concord grape
2051,chervil
2052,hot chile pepper
2053,large strawberry
2054,dry fajita seasoning
2055,whipped cream
2056,large yellow bell pepper
2057,dry crab boil
2058,dry black beans overnight
2059,nilla wafer
2060,all-purpose mix
2061,fresh cheese-filled tortellini
2062,scotch whiskey
2063,rib
2064,whole star anise pod
2065,dekuyper® triple sec
2066,red enchilada sauce
2067,frozen blackberry
2068,jasmine rice
2069,old el paso® tortilla
2070,dried sage
2071,flounder fillet
2072,bitter
2073,tomato basil feta cheese
2074,all-purpose baking mix
2075,uncooked barley
2076,frozen lemonade concentrate
2077,tomatoes wedge
2078,ground celery seed
2079,italian sausage casing
2080,frozen brown potato
2081,prepared basil pesto sauce
2082,tahini paste
2083,pita bread
2084,dry white bean
2085,preserve
2086,frozen cheese ravioli
2087,collard
2088,corned beef
2089,little smokie sausage
2090,large tart apple
2091,sweet barbeque sauce
2092,fresh pineapple chunk
2093,cinnamon-flavored applesauce
2094,jell-o vanilla flavor instant pudding pie filling
2095,banana extract
2096,chocolate-coated caramel-peanut nougat candy
2097,chopped ham
2098,green plantain
2099,cherry pie filling
2100,oat cereal
2101,fine cornmeal
2102,links hot italian sausage
2103,lean ground venison
2104,pancetta
2105,blue cheese dressing
2106,alfredo-style pasta sauce
2107,ears fresh corn kernels cob
2108,prepared chocolate frosting
2109,bittersweet chocolate chip
2110,round steak cubed
2111,black ham
2112,crab boil seasoning
2113,pitted cherry
2114,cranberry jell-o® mix
2115,diced green chile
2116,helix snail
2117,island salad dressing
2118,mexican-style cheese
2119,annatto
2120,soy flour
2121,peanut sauce
2122,raspberry sherbet
2123,thin egg noodle
2124,strawberry yogurt
2125,blue cheese crumble
2126,pepperidge farm® herb stuffing
2127,fettuccine
2128,vanilla wafer cookies
2129,green cardamom pod
2130,schnapp
2131,creamy butter
2132,sleeve buttery round cracker
2133,pork baby rib
2134,small mushroom
2135,crumbled bacon
2136,beef roast
2137,unsulfured molass
2138,torn spinach
2139,mexican-style tomato
2140,garlic pepper
2141,ready pizza crust
2142,boneless skinless chicken strip
2143,coarse-grain mustard
2144,garlic sauce
2145,vine-ripened tomato
2146,cornbread mix
2147,beau monde ™ seasoning
